{
    "timestamp": 1775343168.0884776,
    "axes": {
        "saturation_mu": 0.9998987069322256,
        "symmetry_chi": 1.0,
        "resonance_lambda": 0.998563258028481
    },
    "status": "RESONANCE_VALIDATED_50K",
    "hash": "a35110b98789340d295e85daf764ace14bf4c2fbae2f56943d28cd765d327b2b"
}